Product_ID,Category,Sub_Category,Cost_Price
1,Electronics,A,963
2,Furniture,A,1508
3,Furniture,B,201
4,Electronics,B,1195
5,Clothing,C,1828
6,Electronics,C,1957
7,Furniture,A,722
8,Furniture,C,904
9,Electronics,A,507
10,Clothing,C,1470
11,Electronics,B,1975
12,Clothing,B,1490
13,Clothing,A,929
14,Furniture,A,888
15,Clothing,B,717
16,Furniture,B,648
17,Clothing,B,390
18,Clothing,C,521
19,Furniture,C,280
20,Clothing,C,754
21,Electronics,C,213
22,Clothing,A,1361
23,Furniture,A,1217
24,Furniture,C,359
25,Electronics,A,1230
26,Clothing,C,343
27,Electronics,C,522
28,Clothing,B,434
29,Electronics,C,1146
30,Furniture,A,1996
31,Furniture,C,370
32,Electronics,B,1263
33,Clothing,A,1589
34,Clothing,B,553
35,Furniture,C,1507
36,Clothing,C,693
37,Electronics,C,1500
38,Electronics,C,1109
39,Clothing,A,1561
40,Furniture,C,955
41,Furniture,B,1545
42,Furniture,A,1279
43,Furniture,A,1458
44,Furniture,A,1654
45,Electronics,B,1704
46,Clothing,B,231
47,Electronics,B,867
48,Furniture,B,1844
49,Furniture,C,600
50,Clothing,C,1645
51,Clothing,B,1263
52,Clothing,B,234
53,Electronics,C,866
54,Clothing,C,911
55,Electronics,B,1530
56,Furniture,A,869
57,Electronics,A,193
58,Clothing,B,1364
59,Electronics,A,1872
60,Electronics,C,264
61,Electronics,A,424
62,Clothing,B,1783
63,Electronics,A,1341
64,Clothing,A,1039
65,Electronics,A,719
66,Electronics,C,330
67,Electronics,C,681
68,Clothing,C,832
69,Clothing,B,1709
70,Clothing,A,1302
71,Furniture,C,1203
72,Clothing,C,1477
73,Electronics,A,770
74,Furniture,B,1991
75,Clothing,A,1804
76,Clothing,B,1949
77,Furniture,A,1284
78,Furniture,C,1550
79,Clothing,C,502
80,Furniture,C,1155
81,Electronics,B,220
82,Electronics,A,826
83,Electronics,B,1638
84,Clothing,C,484
85,Electronics,B,1863
86,Furniture,B,1548
87,Electronics,B,575
88,Furniture,A,659
89,Electronics,B,1290
90,Furniture,B,488
91,Electronics,B,1456
92,Electronics,C,1646
93,Electronics,C,1873
94,Furniture,A,889
95,Furniture,C,852
96,Electronics,A,1594
97,Furniture,C,803
98,Furniture,A,1647
99,Clothing,A,152
100,Electronics,A,666
101,Furniture,C,920
102,Furniture,B,1144
103,Furniture,C,1142
104,Furniture,B,1979
105,Clothing,C,961
106,Furniture,B,1579
107,Furniture,C,421
108,Clothing,A,926
109,Electronics,A,532
110,Electronics,A,1182
111,Clothing,B,1274
112,Electronics,B,1894
113,Electronics,A,1563
114,Clothing,B,157
115,Furniture,A,1117
116,Clothing,C,1851
117,Clothing,B,1697
118,Clothing,B,1781
119,Clothing,C,850
120,Clothing,B,1416
121,Furniture,B,281
122,Electronics,B,706
123,Clothing,C,1201
124,Furniture,A,1060
125,Clothing,A,1777
126,Furniture,C,204
127,Electronics,C,1384
128,Furniture,C,706
129,Furniture,A,1346
130,Electronics,C,1089
131,Electronics,A,583
132,Furniture,C,1825
133,Clothing,B,228
134,Clothing,A,418
135,Electronics,A,806
136,Clothing,C,608
137,Electronics,B,119
138,Furniture,A,1934
139,Furniture,C,851
140,Clothing,B,334
141,Electronics,A,1720
142,Clothing,C,705
143,Clothing,B,653
144,Furniture,A,1999
145,Clothing,A,1473
146,Furniture,B,552
147,Electronics,C,685
148,Clothing,C,1083
149,Furniture,B,1632
150,Clothing,A,1750
151,Electronics,B,522
152,Clothing,B,1313
153,Clothing,B,1248
154,Furniture,A,105
155,Electronics,B,557
156,Electronics,B,653
157,Electronics,A,1693
158,Clothing,A,621
159,Furniture,B,1212
160,Clothing,C,945
161,Clothing,B,1234
162,Clothing,A,650
163,Electronics,A,1520
164,Furniture,A,1802
165,Electronics,C,110
166,Clothing,A,1745
167,Clothing,C,596
168,Furniture,A,1139
169,Electronics,A,1156
170,Clothing,B,844
171,Clothing,C,588
172,Furniture,B,1311
173,Clothing,C,835
174,Electronics,A,1694
175,Electronics,A,557
176,Clothing,C,1174
177,Clothing,B,1394
178,Clothing,C,563
179,Furniture,C,142
180,Furniture,C,638
181,Electronics,A,667
182,Electronics,C,220
183,Clothing,A,724
184,Clothing,B,415
185,Clothing,A,1121
186,Furniture,B,1238
187,Furniture,B,720
188,Clothing,B,553
189,Clothing,A,786
190,Electronics,C,723
191,Furniture,A,711
192,Clothing,B,1643
193,Furniture,C,1058
194,Clothing,A,746
195,Clothing,B,862
196,Electronics,B,1460
197,Electronics,C,339
198,Electronics,A,833
199,Clothing,C,1509
200,Electronics,C,1268
201,Clothing,C,476
202,Furniture,C,103
203,Furniture,A,893
204,Clothing,C,945
205,Electronics,B,1451
206,Electronics,B,296
207,Furniture,B,488
208,Clothing,C,1763
209,Clothing,B,360
210,Clothing,A,702
211,Furniture,C,1960
212,Furniture,C,1894
213,Electronics,C,193
214,Clothing,A,1380
215,Clothing,C,235
216,Clothing,C,624
217,Clothing,B,1833
218,Furniture,B,597
219,Electronics,C,1301
220,Furniture,A,211
221,Electronics,B,1387
222,Clothing,C,1537
223,Clothing,B,468
224,Clothing,B,1035
225,Clothing,A,1714
226,Clothing,C,1501
227,Furniture,B,867
228,Electronics,C,685
229,Furniture,A,1506
230,Clothing,A,772
231,Electronics,B,610
232,Electronics,A,812
233,Clothing,B,919
234,Electronics,C,476
235,Furniture,B,644
236,Furniture,B,172
237,Furniture,A,1073
238,Furniture,C,603
239,Electronics,C,1475
240,Furniture,B,904
241,Electronics,C,809
242,Clothing,C,424
243,Furniture,B,487
244,Clothing,B,927
245,Furniture,C,339
246,Clothing,B,1075
247,Clothing,A,1197
248,Clothing,C,130
249,Clothing,B,578
250,Clothing,C,1137
251,Electronics,C,816
252,Electronics,A,1439
253,Furniture,A,167
254,Electronics,C,1763
255,Clothing,A,1105
256,Electronics,B,637
257,Electronics,C,1819
258,Clothing,A,1772
259,Electronics,C,390
260,Clothing,C,1741
261,Electronics,B,1074
262,Clothing,B,123
263,Furniture,B,514
264,Electronics,A,950
265,Furniture,A,1061
266,Clothing,A,1829
267,Clothing,B,780
268,Furniture,C,1159
269,Clothing,B,200
270,Clothing,A,645
271,Clothing,A,138
272,Clothing,A,310
273,Clothing,B,841
274,Clothing,A,1914
275,Clothing,B,691
276,Clothing,C,849
277,Furniture,B,271
278,Electronics,A,937
279,Clothing,C,541
280,Furniture,A,1182
281,Clothing,C,1533
282,Electronics,A,633
283,Clothing,B,464
284,Furniture,A,466
285,Furniture,B,1467
286,Electronics,B,1873
287,Clothing,C,395
288,Furniture,B,1464
289,Electronics,B,705
290,Electronics,B,855
291,Clothing,C,622
292,Furniture,A,1752
293,Clothing,A,364
294,Clothing,B,1647
295,Clothing,B,1789
296,Furniture,A,1161
297,Electronics,B,1254
298,Clothing,A,481
299,Clothing,C,1348
300,Furniture,B,1266
301,Clothing,B,530
302,Electronics,A,488
303,Clothing,A,153
304,Electronics,C,123
305,Clothing,B,494
306,Clothing,A,732
307,Clothing,C,218
308,Electronics,A,1796
309,Clothing,A,1082
310,Clothing,C,1709
311,Clothing,C,1308
312,Electronics,C,291
313,Clothing,C,1855
314,Furniture,C,586
315,Electronics,C,732
316,Furniture,B,820
317,Clothing,C,483
318,Electronics,B,911
319,Electronics,A,445
320,Clothing,A,572
321,Furniture,C,775
322,Electronics,A,1903
323,Electronics,C,102
324,Electronics,C,1173
325,Electronics,B,1024
326,Electronics,A,975
327,Clothing,C,1627
328,Electronics,A,1083
329,Furniture,B,1334
330,Electronics,A,1072
331,Clothing,B,1651
332,Clothing,B,1803
333,Furniture,B,1406
334,Electronics,C,478
335,Furniture,C,1449
336,Furniture,A,1421
337,Furniture,C,1820
338,Furniture,C,237
339,Electronics,A,224
340,Clothing,B,1033
341,Clothing,B,1515
342,Electronics,A,1525
343,Furniture,C,579
344,Electronics,A,1524
345,Furniture,A,669
346,Furniture,C,1485
347,Electronics,A,165
348,Electronics,C,1551
349,Furniture,C,951
350,Furniture,A,1837
351,Furniture,B,1644
352,Furniture,C,531
353,Electronics,B,1228
354,Clothing,C,1212
355,Clothing,B,700
356,Furniture,A,955
357,Clothing,C,105
358,Clothing,A,257
359,Clothing,A,1502
360,Clothing,A,429
361,Clothing,C,1226
362,Clothing,A,322
363,Furniture,A,501
364,Furniture,C,1806
365,Furniture,A,644
366,Electronics,C,608
367,Clothing,A,1816
368,Clothing,B,283
369,Electronics,A,1014
370,Clothing,B,1210
371,Furniture,C,680
372,Furniture,B,1503
373,Electronics,C,637
374,Furniture,A,1536
375,Electronics,B,617
376,Furniture,A,867
377,Clothing,B,1817
378,Furniture,C,394
379,Electronics,C,1114
380,Clothing,C,359
381,Electronics,C,1507
382,Clothing,A,925
383,Clothing,A,1427
384,Furniture,A,415
385,Furniture,A,845
386,Clothing,A,1917
387,Furniture,C,818
388,Furniture,A,1200
389,Electronics,A,779
390,Furniture,A,953
391,Clothing,C,1502
392,Furniture,C,560
393,Clothing,C,1179
394,Clothing,C,906
395,Electronics,A,1204
396,Clothing,A,1802
397,Clothing,B,1299
398,Electronics,A,892
399,Clothing,C,1029
400,Electronics,C,1506
401,Clothing,A,248
402,Furniture,B,867
403,Electronics,C,1404
404,Electronics,B,444
405,Clothing,C,1913
406,Electronics,C,1914
407,Clothing,A,1532
408,Electronics,C,1841
409,Electronics,B,1073
410,Furniture,B,1021
411,Clothing,A,129
412,Furniture,C,829
413,Electronics,B,1545
414,Clothing,A,1081
415,Furniture,B,330
416,Electronics,A,1482
417,Furniture,B,1285
418,Electronics,C,828
419,Electronics,B,1351
420,Clothing,B,1968
421,Clothing,A,1344
422,Clothing,A,845
423,Electronics,A,1196
424,Furniture,B,498
425,Clothing,A,194
426,Clothing,C,574
427,Clothing,A,1218
428,Clothing,A,1878
429,Electronics,C,1928
430,Furniture,A,874
431,Electronics,A,1247
432,Electronics,B,899
433,Electronics,B,1623
434,Clothing,A,1902
435,Furniture,C,1043
436,Electronics,A,1122
437,Electronics,A,720
438,Electronics,A,959
439,Clothing,B,1063
440,Clothing,C,1171
441,Electronics,C,912
442,Clothing,C,194
443,Furniture,B,1600
444,Clothing,B,132
445,Electronics,A,1241
446,Furniture,B,1767
447,Clothing,A,1374
448,Electronics,B,1426
449,Furniture,A,221
450,Furniture,B,317
451,Furniture,C,1176
452,Clothing,A,1249
453,Furniture,B,1282
454,Clothing,B,1794
455,Electronics,A,894
456,Clothing,B,1724
457,Clothing,C,275
458,Electronics,A,391
459,Clothing,A,1282
460,Clothing,A,590
461,Electronics,A,860
462,Furniture,A,1480
463,Electronics,C,733
464,Furniture,A,1360
465,Clothing,C,1551
466,Electronics,C,224
467,Furniture,C,1438
468,Clothing,A,1402
469,Clothing,C,1990
470,Clothing,A,1959
471,Furniture,C,703
472,Furniture,A,1037
473,Furniture,B,1228
474,Clothing,B,1165
475,Furniture,C,1520
476,Electronics,B,1764
477,Furniture,C,1583
478,Furniture,C,590
479,Clothing,C,664
480,Electronics,B,267
481,Electronics,C,1725
482,Electronics,B,858
483,Furniture,B,1297
484,Clothing,A,1495
485,Furniture,B,1722
486,Clothing,A,1273
487,Electronics,C,348
488,Furniture,C,1750
489,Clothing,A,279
490,Furniture,C,1243
491,Clothing,A,127
492,Electronics,A,1944
493,Furniture,C,216
494,Electronics,A,802
495,Furniture,A,756
496,Furniture,A,931
497,Clothing,C,361
498,Clothing,C,1777
499,Clothing,C,725
500,Electronics,C,884
501,Electronics,C,1161
502,Furniture,B,296
503,Clothing,B,1648
504,Electronics,A,1747
505,Furniture,B,1560
506,Electronics,C,1772
507,Furniture,C,783
508,Clothing,C,1762
509,Furniture,A,973
510,Furniture,A,1533
511,Clothing,A,432
512,Clothing,A,1654
513,Furniture,A,1588
514,Electronics,A,819
515,Clothing,B,1281
516,Furniture,C,1283
517,Clothing,B,1457
518,Clothing,A,1875
519,Electronics,C,1499
520,Clothing,C,178
521,Furniture,C,1967
522,Furniture,B,1992
523,Clothing,C,1966
524,Clothing,A,296
525,Electronics,A,1243
526,Electronics,B,1883
527,Electronics,B,1774
528,Furniture,A,325
529,Electronics,B,694
530,Furniture,C,1533
531,Electronics,B,1661
532,Furniture,C,1763
533,Clothing,C,1012
534,Furniture,C,834
535,Clothing,C,1462
536,Furniture,C,1679
537,Furniture,A,1719
538,Clothing,A,1018
539,Furniture,A,636
540,Furniture,C,319
541,Electronics,B,392
542,Clothing,B,1327
543,Clothing,C,1828
544,Electronics,B,1637
545,Electronics,C,301
546,Clothing,B,1989
547,Clothing,C,131
548,Clothing,B,1212
549,Electronics,B,1325
550,Electronics,A,1813
551,Furniture,B,1828
552,Electronics,B,1795
553,Furniture,C,1416
554,Furniture,B,815
555,Electronics,B,852
556,Electronics,B,1116
557,Electronics,B,214
558,Electronics,B,821
559,Clothing,A,1345
560,Electronics,B,281
561,Furniture,C,870
562,Furniture,C,568
563,Clothing,B,525
564,Clothing,B,1675
565,Electronics,B,1965
566,Clothing,A,933
567,Electronics,C,1183
568,Electronics,A,584
569,Clothing,A,110
570,Clothing,B,1755
571,Furniture,B,1508
572,Clothing,C,1533
573,Clothing,B,141
574,Clothing,C,1825
575,Furniture,A,222
576,Electronics,C,800
577,Furniture,C,351
578,Clothing,C,1072
579,Clothing,A,703
580,Clothing,A,1607
581,Electronics,B,312
582,Furniture,B,1953
583,Furniture,C,1837
584,Electronics,C,367
585,Furniture,A,1105
586,Electronics,A,1790
587,Electronics,A,806
588,Furniture,C,639
589,Furniture,C,805
590,Electronics,A,1110
591,Furniture,C,1858
592,Electronics,A,718
593,Furniture,B,1784
594,Furniture,A,1258
595,Furniture,C,597
596,Furniture,C,1120
597,Furniture,C,1730
598,Clothing,C,881
599,Clothing,A,225
600,Furniture,A,1482
601,Furniture,B,1626
602,Furniture,A,940
603,Electronics,B,1082
604,Clothing,A,1441
605,Electronics,A,111
606,Clothing,C,1600
607,Clothing,B,1417
608,Furniture,C,1563
609,Furniture,C,1930
610,Electronics,A,1977
611,Electronics,A,615
612,Furniture,B,1939
613,Furniture,B,1514
614,Clothing,A,415
615,Clothing,B,1803
616,Furniture,A,1131
617,Clothing,A,1631
618,Electronics,A,1247
619,Clothing,B,1495
620,Furniture,C,413
621,Clothing,B,1308
622,Furniture,C,646
623,Clothing,B,1708
624,Electronics,C,1648
625,Electronics,C,138
626,Furniture,B,1207
627,Furniture,B,1144
628,Furniture,C,352
629,Clothing,A,402
630,Clothing,C,1078
631,Clothing,C,357
632,Electronics,A,1935
633,Furniture,C,1099
634,Clothing,A,641
635,Electronics,A,739
636,Furniture,B,1946
637,Electronics,C,651
638,Furniture,C,560
639,Clothing,A,1732
640,Electronics,C,323
641,Electronics,A,191
642,Electronics,C,379
643,Furniture,C,1293
644,Furniture,A,1919
645,Electronics,A,1857
646,Furniture,C,1752
647,Electronics,C,347
648,Clothing,A,1484
649,Electronics,B,1472
650,Electronics,B,965
651,Furniture,C,1558
652,Furniture,C,1529
653,Furniture,C,1724
654,Clothing,A,177
655,Clothing,C,557
656,Clothing,C,685
657,Furniture,C,1515
658,Electronics,B,1137
659,Electronics,C,144
660,Electronics,C,137
661,Furniture,A,515
662,Furniture,B,344
663,Clothing,A,1185
664,Furniture,C,592
665,Electronics,C,1731
666,Clothing,C,422
667,Clothing,C,1375
668,Furniture,C,567
669,Clothing,A,1184
670,Clothing,C,1904
671,Furniture,C,1242
672,Clothing,B,186
673,Electronics,B,1718
674,Furniture,C,179
675,Electronics,C,327
676,Electronics,C,582
677,Electronics,C,1938
678,Electronics,C,722
679,Clothing,C,1433
680,Clothing,A,1706
681,Furniture,A,1047
682,Furniture,A,584
683,Electronics,B,939
684,Electronics,C,124
685,Furniture,B,1914
686,Furniture,B,1325
687,Furniture,B,1348
688,Furniture,A,878
689,Electronics,C,1633
690,Furniture,C,1030
691,Clothing,B,894
692,Electronics,A,1752
693,Clothing,B,1702
694,Furniture,B,1682
695,Clothing,C,852
696,Furniture,A,1813
697,Clothing,C,1643
698,Electronics,B,1306
699,Clothing,C,1200
700,Electronics,B,525
701,Clothing,A,1190
702,Clothing,C,759
703,Electronics,C,1617
704,Electronics,C,784
705,Furniture,C,646
706,Electronics,C,1200
707,Electronics,A,1015
708,Furniture,A,1915
709,Electronics,C,1820
710,Electronics,B,154
711,Clothing,B,1729
712,Furniture,C,1596
713,Furniture,C,1779
714,Clothing,A,1370
715,Furniture,A,1562
716,Clothing,C,1835
717,Electronics,C,1871
718,Furniture,B,413
719,Electronics,A,1443
720,Furniture,C,319
721,Electronics,A,1967
722,Furniture,C,1494
723,Furniture,C,1339
724,Electronics,C,148
725,Clothing,C,1920
726,Furniture,B,562
727,Clothing,C,217
728,Clothing,B,181
729,Clothing,B,1386
730,Clothing,C,1712
731,Clothing,A,1846
732,Clothing,A,595
733,Furniture,C,733
734,Clothing,C,936
735,Furniture,C,701
736,Furniture,A,869
737,Furniture,A,772
738,Electronics,C,275
739,Clothing,A,904
740,Electronics,B,1212
741,Clothing,A,738
742,Electronics,A,1482
743,Furniture,C,1409
744,Electronics,B,396
745,Furniture,C,1383
746,Electronics,A,1974
747,Clothing,B,574
748,Clothing,C,1879
749,Electronics,A,1746
750,Electronics,B,635
751,Clothing,C,1685
752,Electronics,B,1160
753,Electronics,A,1304
754,Clothing,C,1888
755,Furniture,A,124
756,Clothing,B,448
757,Clothing,A,736
758,Electronics,B,1666
759,Clothing,C,1872
760,Clothing,A,326
761,Electronics,C,1471
762,Electronics,C,137
763,Furniture,C,1506
764,Clothing,C,669
765,Furniture,A,335
766,Furniture,A,1304
767,Furniture,C,213
768,Furniture,C,405
769,Clothing,B,231
770,Clothing,C,447
771,Clothing,B,1303
772,Furniture,B,514
773,Electronics,C,1082
774,Clothing,A,1713
775,Furniture,B,831
776,Furniture,A,753
777,Furniture,C,484
778,Furniture,C,611
779,Furniture,C,1166
780,Furniture,C,1603
781,Clothing,B,1241
782,Electronics,B,1694
783,Clothing,A,160
784,Clothing,A,652
785,Furniture,B,1909
786,Clothing,C,287
787,Electronics,A,552
788,Electronics,B,946
789,Furniture,A,286
790,Electronics,B,1037
791,Furniture,C,1587
792,Electronics,B,1863
793,Electronics,A,263
794,Clothing,B,1547
795,Electronics,A,1921
796,Furniture,A,201
797,Electronics,A,1390
798,Electronics,C,1759
799,Clothing,C,1276
800,Furniture,B,1552
801,Furniture,B,790
802,Furniture,A,1550
803,Clothing,C,677
804,Electronics,B,710
805,Furniture,B,635
806,Electronics,C,1456
807,Electronics,A,860
808,Electronics,B,1800
809,Clothing,A,995
810,Electronics,C,1563
811,Clothing,C,1729
812,Clothing,B,1070
813,Clothing,B,1978
814,Furniture,C,223
815,Clothing,A,1425
816,Furniture,A,767
817,Clothing,C,448
818,Clothing,B,348
819,Clothing,C,1394
820,Clothing,B,1552
821,Electronics,A,1693
822,Electronics,B,806
823,Clothing,A,812
824,Electronics,C,1707
825,Furniture,B,1106
826,Electronics,A,346
827,Electronics,B,580
828,Electronics,A,197
829,Clothing,A,428
830,Furniture,C,1716
831,Clothing,C,1548
832,Furniture,B,1700
833,Clothing,A,1547
834,Electronics,C,1128
835,Furniture,B,558
836,Electronics,C,895
837,Furniture,B,1929
838,Furniture,C,692
839,Clothing,C,597
840,Clothing,A,186
841,Electronics,A,501
842,Electronics,C,1416
843,Furniture,A,1404
844,Furniture,C,296
845,Clothing,B,863
846,Clothing,C,1206
847,Clothing,C,126
848,Clothing,B,1968
849,Clothing,B,1817
850,Furniture,A,234
851,Furniture,B,1213
852,Electronics,A,305
853,Furniture,C,1150
854,Clothing,B,1501
855,Furniture,C,1694
856,Furniture,A,1707
857,Furniture,B,1538
858,Electronics,A,1350
859,Electronics,A,702
860,Furniture,B,1191
861,Furniture,B,461
862,Clothing,A,1383
863,Electronics,B,757
864,Clothing,A,1186
865,Clothing,C,1978
866,Furniture,C,1071
867,Furniture,B,1815
868,Furniture,B,1079
869,Clothing,C,1746
870,Clothing,A,1826
871,Clothing,A,1040
872,Furniture,A,1007
873,Furniture,B,1515
874,Furniture,A,345
875,Clothing,B,377
876,Clothing,B,446
877,Electronics,B,471
878,Furniture,C,908
879,Clothing,A,948
880,Electronics,B,222
881,Clothing,A,1180
882,Clothing,C,259
883,Furniture,A,1250
884,Electronics,C,836
885,Clothing,B,1730
886,Electronics,B,1434
887,Electronics,C,617
888,Furniture,B,1034
889,Electronics,A,1388
890,Furniture,A,845
891,Furniture,C,387
892,Furniture,A,519
893,Electronics,B,1651
894,Clothing,B,239
895,Furniture,B,1932
896,Clothing,A,806
897,Electronics,B,797
898,Clothing,A,1086
899,Clothing,C,574
900,Furniture,B,1760
901,Furniture,C,1652
902,Furniture,A,488
903,Electronics,A,610
904,Clothing,C,637
905,Electronics,B,312
906,Electronics,B,996
907,Electronics,B,1636
908,Electronics,C,1926
909,Furniture,A,1388
910,Clothing,C,1466
911,Furniture,A,1161
912,Furniture,B,332
913,Electronics,B,359
914,Furniture,A,407
915,Clothing,B,502
916,Electronics,C,1096
917,Furniture,A,1384
918,Electronics,B,1599
919,Clothing,B,849
920,Electronics,B,1229
921,Furniture,B,1370
922,Furniture,A,403
923,Clothing,A,442
924,Clothing,B,1570
925,Electronics,C,1161
926,Furniture,C,1943
927,Clothing,C,954
928,Clothing,C,1169
929,Furniture,A,1845
930,Clothing,A,1728
931,Clothing,C,1343
932,Furniture,A,355
933,Clothing,C,236
934,Furniture,B,1354
935,Furniture,B,917
936,Electronics,C,1837
937,Furniture,A,1701
938,Clothing,C,1072
939,Electronics,A,137
940,Electronics,B,1278
941,Clothing,A,1626
942,Electronics,C,204
943,Clothing,B,354
944,Electronics,B,1527
945,Clothing,A,587
946,Furniture,B,557
947,Furniture,B,627
948,Electronics,A,690
949,Electronics,B,624
950,Furniture,C,469
951,Clothing,A,201
952,Electronics,A,1015
953,Furniture,A,763
954,Electronics,A,789
955,Furniture,C,698
956,Furniture,A,699
957,Furniture,C,640
958,Clothing,A,1635
959,Electronics,A,488
960,Clothing,B,462
961,Clothing,B,1030
962,Furniture,C,1956
963,Clothing,B,711
964,Electronics,A,1238
965,Electronics,C,821
966,Furniture,B,442
967,Furniture,A,1197
968,Electronics,B,234
969,Electronics,B,1039
970,Furniture,B,1904
971,Clothing,B,1985
972,Electronics,A,1077
973,Furniture,B,1713
974,Furniture,C,479
975,Electronics,C,1613
976,Furniture,B,1248
977,Electronics,C,137
978,Furniture,B,880
979,Furniture,A,409
980,Clothing,A,205
981,Furniture,C,655
982,Electronics,C,1348
983,Electronics,B,1365
984,Clothing,B,496
985,Electronics,B,252
986,Furniture,A,635
987,Clothing,B,1759
988,Electronics,A,1920
989,Furniture,C,1095
990,Clothing,A,1065
991,Furniture,C,1525
992,Electronics,A,1983
993,Electronics,A,1896
994,Electronics,B,1269
995,Electronics,C,1314
996,Clothing,A,992
997,Electronics,A,1800
998,Clothing,C,682
999,Clothing,A,300
1000,Furniture,C,1990
1001,Electronics,C,111
1002,Furniture,C,1175
1003,Furniture,A,867
1004,Furniture,A,1425
1005,Furniture,B,1995
1006,Furniture,C,1423
1007,Electronics,A,1019
1008,Furniture,A,620
1009,Clothing,C,1263
1010,Clothing,C,199
1011,Electronics,C,1608
1012,Clothing,B,1260
1013,Furniture,B,970
1014,Clothing,B,465
1015,Furniture,C,1657
1016,Electronics,A,1630
1017,Clothing,C,756
1018,Clothing,A,260
1019,Clothing,B,860
1020,Electronics,B,274
1021,Electronics,B,1211
1022,Clothing,A,1522
1023,Electronics,A,1603
1024,Furniture,C,644
1025,Electronics,C,576
1026,Clothing,C,1906
1027,Furniture,B,382
1028,Clothing,C,1861
1029,Clothing,B,1056
1030,Clothing,A,551
1031,Electronics,B,1747
1032,Clothing,B,181
1033,Furniture,B,1336
1034,Furniture,A,915
1035,Furniture,A,619
1036,Clothing,C,233
1037,Furniture,C,546
1038,Furniture,C,217
1039,Furniture,A,1719
1040,Furniture,A,1893
1041,Electronics,A,1366
1042,Clothing,A,848
1043,Clothing,A,1273
1044,Furniture,B,1656
1045,Clothing,C,745
1046,Furniture,B,478
1047,Furniture,C,707
1048,Furniture,B,1065
1049,Clothing,A,624
1050,Electronics,C,1636
1051,Clothing,B,1785
1052,Clothing,C,1240
1053,Electronics,A,1787
1054,Clothing,A,675
1055,Electronics,C,1036
1056,Furniture,C,761
1057,Electronics,A,1440
1058,Furniture,A,975
1059,Electronics,A,111
1060,Furniture,B,1213
1061,Clothing,C,487
1062,Electronics,A,182
1063,Clothing,C,1075
1064,Furniture,B,1885
1065,Electronics,B,495
1066,Electronics,A,644
1067,Electronics,C,760
1068,Clothing,B,739
1069,Furniture,C,199
1070,Clothing,C,556
1071,Electronics,A,973
1072,Furniture,B,427
1073,Furniture,B,823
1074,Clothing,B,173
1075,Clothing,C,1219
1076,Electronics,B,191
1077,Electronics,B,429
1078,Electronics,C,1963
1079,Electronics,B,274
1080,Furniture,B,1860
1081,Electronics,C,414
1082,Electronics,B,1810
1083,Electronics,A,1691
1084,Clothing,C,596
1085,Clothing,B,1392
1086,Clothing,A,527
1087,Electronics,C,134
1088,Furniture,B,218
1089,Electronics,C,1494
1090,Clothing,A,1024
1091,Clothing,C,1691
1092,Electronics,B,1574
1093,Furniture,A,1432
1094,Furniture,C,1480
1095,Furniture,B,1499
1096,Clothing,B,927
1097,Clothing,A,1228
1098,Furniture,A,489
1099,Electronics,C,275
1100,Furniture,B,205
1101,Electronics,A,691
1102,Clothing,B,1286
1103,Clothing,C,1013
1104,Clothing,A,1390
1105,Furniture,C,1686
1106,Furniture,C,1402
1107,Clothing,A,1426
1108,Clothing,C,1710
1109,Clothing,B,1054
1110,Furniture,A,1052
1111,Furniture,B,960
1112,Clothing,C,226
1113,Furniture,A,1369
1114,Furniture,B,923
1115,Furniture,B,333
1116,Furniture,B,766
1117,Clothing,B,1708
1118,Clothing,B,1030
1119,Furniture,C,1562
1120,Clothing,C,236
1121,Clothing,C,1909
1122,Clothing,C,655
1123,Electronics,C,858
1124,Clothing,C,1272
1125,Clothing,C,155
1126,Furniture,B,1811
1127,Furniture,C,455
1128,Electronics,B,1380
1129,Electronics,A,1022
1130,Clothing,C,912
1131,Clothing,B,1186
1132,Furniture,A,1949
1133,Clothing,A,1186
1134,Clothing,B,905
1135,Clothing,B,1152
1136,Clothing,B,1675
1137,Clothing,C,1782
1138,Clothing,A,699
1139,Clothing,C,667
1140,Clothing,C,1423
1141,Furniture,C,804
1142,Electronics,A,711
1143,Clothing,A,1338
1144,Furniture,A,240
1145,Clothing,B,1630
1146,Clothing,C,660
1147,Electronics,B,598
1148,Furniture,B,726
1149,Clothing,C,601
1150,Electronics,A,840
1151,Electronics,C,863
1152,Clothing,B,1710
1153,Clothing,A,1314
1154,Furniture,A,1834
1155,Furniture,B,774
1156,Clothing,A,1774
1157,Clothing,A,148
1158,Electronics,C,1486
1159,Furniture,C,726
1160,Clothing,B,779
1161,Clothing,B,1619
1162,Furniture,B,376
1163,Clothing,A,146
1164,Electronics,B,1894
1165,Electronics,C,1025
1166,Clothing,A,315
1167,Furniture,B,329
1168,Electronics,A,1762
1169,Furniture,A,422
1170,Furniture,A,1953
1171,Furniture,B,1544
1172,Electronics,A,324
1173,Electronics,A,1785
1174,Clothing,A,1410
1175,Furniture,C,145
1176,Electronics,B,1936
1177,Electronics,C,1137
1178,Clothing,A,732
1179,Electronics,A,474
1180,Electronics,C,802
1181,Electronics,A,1086
1182,Clothing,C,432
1183,Clothing,A,1979
1184,Furniture,A,265
1185,Electronics,A,606
1186,Clothing,A,216
1187,Clothing,B,1042
1188,Clothing,B,735
1189,Furniture,B,1689
1190,Furniture,C,1562
1191,Furniture,C,1427
1192,Furniture,C,556
1193,Furniture,C,968
1194,Electronics,B,1394
1195,Electronics,C,1834
1196,Clothing,C,315
1197,Furniture,C,212
1198,Furniture,A,1139
1199,Clothing,C,315
1200,Electronics,A,526
1201,Furniture,C,1258
1202,Furniture,C,1166
1203,Furniture,A,863
1204,Electronics,C,383
1205,Electronics,A,933
1206,Furniture,C,1221
1207,Furniture,C,1183
1208,Clothing,A,329
1209,Clothing,B,1766
1210,Electronics,A,484
1211,Clothing,B,258
1212,Furniture,A,923
1213,Electronics,B,570
1214,Clothing,C,1719
1215,Electronics,B,307
1216,Furniture,C,273
1217,Clothing,A,1923
1218,Clothing,B,1204
1219,Clothing,C,1141
1220,Furniture,A,1116
1221,Electronics,B,807
1222,Clothing,C,1414
1223,Electronics,B,1483
1224,Electronics,B,1991
1225,Electronics,C,1402
1226,Furniture,C,1074
1227,Furniture,A,496
1228,Clothing,C,1073
1229,Clothing,C,865
1230,Electronics,B,1265
1231,Electronics,C,776
1232,Electronics,B,616
1233,Furniture,B,1374
1234,Furniture,C,761
1235,Clothing,C,1663
1236,Electronics,C,1360
1237,Electronics,C,1255
1238,Furniture,A,405
1239,Clothing,B,457
1240,Electronics,A,1408
1241,Electronics,A,1416
1242,Clothing,B,1286
1243,Electronics,A,518
1244,Furniture,C,1862
1245,Clothing,C,1591
1246,Electronics,C,741
1247,Electronics,C,1693
1248,Furniture,B,606
1249,Furniture,C,1781
1250,Furniture,B,1601
1251,Electronics,B,1485
1252,Electronics,B,411
1253,Electronics,B,1757
1254,Clothing,A,803
1255,Furniture,A,344
1256,Clothing,C,576
1257,Furniture,B,714
1258,Electronics,C,535
1259,Clothing,C,349
1260,Clothing,C,1145
1261,Furniture,C,576
1262,Clothing,B,1695
1263,Clothing,B,1873
1264,Electronics,A,1975
1265,Furniture,B,610
1266,Clothing,B,1459
1267,Electronics,C,1769
1268,Clothing,B,1972
1269,Electronics,C,873
1270,Clothing,B,1465
1271,Electronics,A,1461
1272,Electronics,C,1603
1273,Furniture,B,1023
1274,Electronics,B,1165
1275,Clothing,C,173
1276,Electronics,A,908
1277,Electronics,A,930
1278,Clothing,B,1145
1279,Clothing,B,319
1280,Electronics,B,178
1281,Clothing,C,334
1282,Electronics,C,256
1283,Electronics,C,426
1284,Electronics,B,1237
1285,Clothing,A,1925
1286,Furniture,C,1731
1287,Furniture,A,741
1288,Electronics,B,720
1289,Electronics,C,1710
1290,Clothing,C,1084
1291,Furniture,C,1398
1292,Furniture,B,1504
1293,Furniture,B,1143
1294,Clothing,B,1796
1295,Clothing,A,1332
1296,Clothing,A,705
1297,Electronics,C,1717
1298,Clothing,C,963
1299,Electronics,B,1739
1300,Electronics,B,848
1301,Electronics,B,1895
1302,Electronics,C,1283
1303,Clothing,B,1014
1304,Clothing,A,998
1305,Furniture,A,1097
1306,Furniture,C,959
1307,Electronics,C,672
1308,Furniture,A,137
1309,Furniture,B,217
1310,Furniture,C,489
1311,Electronics,C,1947
1312,Furniture,C,779
1313,Clothing,A,476
1314,Electronics,C,948
1315,Clothing,A,1997
1316,Electronics,A,475
1317,Clothing,B,1704
1318,Furniture,B,694
1319,Electronics,B,846
1320,Clothing,C,1165
1321,Electronics,A,1734
1322,Clothing,C,1593
1323,Furniture,A,557
1324,Electronics,C,1253
1325,Electronics,A,1151
1326,Clothing,B,1868
1327,Clothing,B,840
1328,Furniture,C,728
1329,Clothing,A,425
1330,Clothing,B,1632
1331,Clothing,A,718
1332,Furniture,C,424
1333,Furniture,B,1930
1334,Electronics,C,1283
1335,Furniture,C,615
1336,Clothing,A,1784
1337,Electronics,C,845
1338,Furniture,C,1377
1339,Furniture,A,347
1340,Clothing,A,1973
1341,Clothing,C,1476
1342,Furniture,B,497
1343,Electronics,B,681
1344,Clothing,A,302
1345,Furniture,C,1425
1346,Furniture,B,1271
1347,Clothing,A,320
1348,Electronics,A,1821
1349,Electronics,A,966
1350,Electronics,C,1971
1351,Clothing,A,1683
1352,Clothing,B,362
1353,Clothing,C,395
1354,Electronics,B,1438
1355,Electronics,B,1119
1356,Clothing,B,391
1357,Clothing,C,783
1358,Clothing,B,975
1359,Electronics,A,1154
1360,Furniture,A,1805
1361,Furniture,B,1167
1362,Electronics,A,654
1363,Clothing,C,1257
1364,Clothing,C,448
1365,Clothing,A,318
1366,Clothing,A,1122
1367,Electronics,C,549
1368,Furniture,B,603
1369,Furniture,C,185
1370,Electronics,B,1374
1371,Clothing,A,1388
1372,Furniture,A,622
1373,Electronics,B,1203
1374,Clothing,B,1744
1375,Furniture,C,560
1376,Electronics,B,1113
1377,Furniture,A,729
1378,Furniture,A,351
1379,Electronics,A,117
1380,Electronics,B,1379
1381,Furniture,B,1368
1382,Furniture,A,1276
1383,Electronics,B,1732
1384,Clothing,C,599
1385,Clothing,C,557
1386,Clothing,B,1821
1387,Clothing,B,1665
1388,Electronics,A,214
1389,Clothing,B,852
1390,Furniture,A,868
1391,Clothing,C,546
1392,Electronics,B,452
1393,Clothing,C,724
1394,Clothing,B,1970
1395,Electronics,B,640
1396,Clothing,A,421
1397,Electronics,A,1582
1398,Clothing,B,325
1399,Electronics,B,1879
1400,Clothing,A,460
1401,Furniture,C,1654
1402,Furniture,B,933
1403,Electronics,A,211
1404,Electronics,B,311
1405,Electronics,A,1356
1406,Furniture,C,1047
1407,Electronics,B,258
1408,Clothing,B,671
1409,Electronics,C,1447
1410,Electronics,B,1216
1411,Clothing,B,1371
1412,Clothing,B,769
1413,Furniture,A,1264
1414,Clothing,A,1010
1415,Clothing,B,1122
1416,Electronics,C,503
1417,Furniture,C,1855
1418,Clothing,B,503
1419,Furniture,A,1941
1420,Clothing,A,700
1421,Furniture,B,1790
1422,Clothing,A,1537
1423,Electronics,A,1563
1424,Furniture,C,1356
1425,Furniture,B,292
1426,Clothing,A,1222
1427,Furniture,A,1236
1428,Clothing,A,1742
1429,Furniture,B,1659
1430,Furniture,B,1404
1431,Electronics,A,1099
1432,Electronics,C,1839
1433,Furniture,C,622
1434,Electronics,B,449
1435,Furniture,C,415
1436,Clothing,A,1840
1437,Furniture,B,1042
1438,Furniture,B,1623
1439,Electronics,C,1660
1440,Electronics,B,1012
1441,Clothing,C,751
1442,Clothing,C,734
1443,Clothing,A,1110
1444,Furniture,C,1559
1445,Clothing,C,1646
1446,Clothing,B,1901
1447,Electronics,A,692
1448,Electronics,A,543
1449,Clothing,C,1945
1450,Clothing,B,720
1451,Furniture,B,1331
1452,Furniture,B,1954
1453,Electronics,A,855
1454,Clothing,A,1399
1455,Clothing,C,596
1456,Clothing,C,872
1457,Clothing,B,1420
1458,Clothing,C,473
1459,Furniture,B,1698
1460,Furniture,A,283
1461,Clothing,C,131
1462,Furniture,B,382
1463,Furniture,A,935
1464,Clothing,B,972
1465,Furniture,C,1555
1466,Clothing,B,1642
1467,Furniture,A,785
1468,Clothing,C,561
1469,Clothing,A,970
1470,Furniture,C,1083
1471,Furniture,B,467
1472,Electronics,A,757
1473,Clothing,A,1375
1474,Clothing,B,265
1475,Clothing,A,1738
1476,Clothing,A,1099
1477,Furniture,A,1828
1478,Furniture,A,1652
1479,Electronics,B,701
1480,Clothing,A,1494
1481,Electronics,A,1721
1482,Electronics,A,1226
1483,Electronics,C,693
1484,Electronics,C,225
1485,Electronics,B,137
1486,Furniture,B,447
1487,Furniture,B,1336
1488,Electronics,A,1442
1489,Furniture,C,836
1490,Furniture,C,833
1491,Electronics,B,525
1492,Furniture,C,1370
1493,Furniture,B,747
1494,Clothing,A,385
1495,Electronics,C,1354
1496,Clothing,A,419
1497,Clothing,A,611
1498,Electronics,C,1644
1499,Clothing,B,324
1500,Clothing,C,605
1501,Furniture,A,1948
1502,Clothing,B,1230
1503,Electronics,A,1822
1504,Furniture,B,1856
1505,Furniture,C,1730
1506,Furniture,A,1830
1507,Electronics,B,1877
1508,Electronics,B,841
1509,Electronics,C,1454
1510,Clothing,B,1128
1511,Clothing,B,1986
1512,Furniture,A,567
1513,Furniture,C,1639
1514,Electronics,C,1899
1515,Electronics,A,1037
1516,Clothing,A,864
1517,Clothing,A,262
1518,Electronics,B,752
1519,Electronics,C,1000
1520,Clothing,C,907
1521,Furniture,C,1654
1522,Furniture,B,181
1523,Clothing,C,580
1524,Clothing,C,615
1525,Furniture,C,1763
1526,Clothing,C,286
1527,Furniture,A,245
1528,Furniture,B,1105
1529,Clothing,C,251
1530,Electronics,C,1486
1531,Electronics,C,192
1532,Electronics,C,1154
1533,Electronics,C,1949
1534,Electronics,A,639
1535,Electronics,A,748
1536,Electronics,B,701
1537,Clothing,B,148
1538,Clothing,C,1381
1539,Electronics,C,1641
1540,Clothing,A,640
1541,Furniture,B,1533
1542,Electronics,C,255
1543,Furniture,C,874
1544,Clothing,C,645
1545,Electronics,B,1563
1546,Furniture,A,1360
1547,Clothing,A,749
1548,Electronics,C,1491
1549,Electronics,C,1100
1550,Furniture,C,1180
1551,Furniture,C,274
1552,Furniture,C,1337
1553,Clothing,B,126
1554,Furniture,A,1930
1555,Furniture,B,1242
1556,Furniture,B,246
1557,Electronics,C,967
1558,Furniture,B,364
1559,Furniture,A,1526
1560,Clothing,C,357
1561,Clothing,A,1983
1562,Furniture,B,1312
1563,Clothing,C,926
1564,Clothing,A,842
1565,Clothing,A,1622
1566,Electronics,C,809
1567,Furniture,A,1362
1568,Furniture,C,1450
1569,Furniture,C,1193
1570,Clothing,B,1887
1571,Clothing,A,1828
1572,Clothing,C,1148
1573,Electronics,B,1705
1574,Clothing,B,1279
1575,Electronics,C,1781
1576,Furniture,C,1954
1577,Clothing,A,318
1578,Electronics,A,660
1579,Electronics,A,1502
1580,Clothing,C,991
1581,Electronics,B,1317
1582,Clothing,B,1163
1583,Electronics,C,696
1584,Furniture,A,442
1585,Furniture,B,602
1586,Furniture,B,549
1587,Clothing,A,435
1588,Furniture,B,103
1589,Furniture,A,1925
1590,Furniture,B,858
1591,Clothing,B,616
1592,Electronics,B,1620
1593,Clothing,A,1349
1594,Clothing,B,1273
1595,Furniture,B,337
1596,Electronics,B,1783
1597,Furniture,C,202
1598,Furniture,B,1298
1599,Clothing,B,1109
1600,Clothing,A,1584
1601,Clothing,A,1871
1602,Furniture,C,1157
1603,Electronics,A,1807
1604,Electronics,A,617
1605,Furniture,A,539
1606,Electronics,C,1408
1607,Furniture,C,324
1608,Electronics,B,664
1609,Furniture,B,1380
1610,Electronics,A,1182
1611,Clothing,B,345
1612,Clothing,B,1642
1613,Clothing,C,1337
1614,Clothing,C,1027
1615,Furniture,B,1713
1616,Electronics,B,1824
1617,Furniture,B,1052
1618,Clothing,A,918
1619,Electronics,C,315
1620,Furniture,B,1526
1621,Clothing,B,382
1622,Electronics,A,1954
1623,Electronics,C,1696
1624,Clothing,A,672
1625,Clothing,A,1338
1626,Electronics,B,481
1627,Clothing,A,1168
1628,Furniture,A,271
1629,Clothing,B,1344
1630,Clothing,C,1508
1631,Clothing,B,1218
1632,Electronics,C,1982
1633,Electronics,A,143
1634,Clothing,A,327
1635,Electronics,B,673
1636,Clothing,B,416
1637,Furniture,B,830
1638,Electronics,A,1458
1639,Clothing,A,700
1640,Electronics,C,723
1641,Furniture,B,1842
1642,Furniture,A,566
1643,Clothing,C,1941
1644,Electronics,B,1838
1645,Furniture,B,396
1646,Electronics,C,644
1647,Clothing,C,588
1648,Furniture,C,1119
1649,Furniture,A,314
1650,Electronics,B,1647
1651,Furniture,B,1125
1652,Clothing,C,1998
1653,Clothing,A,760
1654,Furniture,C,753
1655,Clothing,A,901
1656,Furniture,B,1330
1657,Furniture,B,440
1658,Furniture,A,803
1659,Furniture,B,506
1660,Electronics,B,952
1661,Furniture,C,405
1662,Clothing,A,1630
1663,Electronics,B,1592
1664,Clothing,B,1887
1665,Furniture,A,1839
1666,Clothing,B,973
1667,Electronics,A,1681
1668,Clothing,A,594
1669,Electronics,C,1384
1670,Furniture,A,677
1671,Furniture,C,1785
1672,Clothing,B,1705
1673,Clothing,A,1487
1674,Furniture,C,1637
1675,Furniture,A,640
1676,Clothing,B,867
1677,Furniture,C,1696
1678,Electronics,C,1735
1679,Electronics,C,995
1680,Clothing,B,554
1681,Clothing,C,1267
1682,Furniture,B,1315
1683,Furniture,B,1988
1684,Electronics,A,1476
1685,Clothing,B,1905
1686,Clothing,C,398
1687,Clothing,C,1583
1688,Clothing,B,526
1689,Electronics,B,1961
1690,Electronics,A,1946
1691,Clothing,A,815
1692,Electronics,C,856
1693,Clothing,B,130
1694,Electronics,C,431
1695,Furniture,B,1534
1696,Electronics,C,151
1697,Clothing,C,1507
1698,Furniture,C,342
1699,Clothing,B,874
1700,Furniture,A,785
1701,Furniture,A,1735
1702,Electronics,B,1540
1703,Electronics,A,1598
1704,Furniture,C,1515
1705,Furniture,B,1512
1706,Furniture,B,672
1707,Clothing,A,971
1708,Electronics,A,799
1709,Clothing,C,1592
1710,Electronics,B,1531
1711,Clothing,A,618
1712,Electronics,B,1312
1713,Furniture,C,694
1714,Furniture,C,1474
1715,Electronics,C,382
1716,Furniture,B,1759
1717,Furniture,B,1280
1718,Clothing,B,698
1719,Electronics,B,247
1720,Furniture,B,169
1721,Electronics,C,1493
1722,Clothing,C,1711
1723,Electronics,C,1749
1724,Clothing,A,1638
1725,Clothing,C,333
1726,Clothing,B,778
1727,Furniture,C,1734
1728,Clothing,A,735
1729,Electronics,A,566
1730,Electronics,A,656
1731,Furniture,A,993
1732,Furniture,A,935
1733,Clothing,B,1410
1734,Clothing,C,717
1735,Clothing,B,1417
1736,Furniture,B,1604
1737,Furniture,A,233
1738,Electronics,C,107
1739,Clothing,C,127
1740,Clothing,C,882
1741,Electronics,A,1858
1742,Electronics,B,1643
1743,Electronics,C,1433
1744,Electronics,B,1769
1745,Clothing,C,640
1746,Furniture,C,726
1747,Clothing,C,1617
1748,Electronics,C,1157
1749,Furniture,A,106
1750,Clothing,A,139
1751,Electronics,B,1453
1752,Furniture,A,1008
1753,Furniture,C,161
1754,Furniture,B,1209
1755,Clothing,B,1848
1756,Electronics,B,1239
1757,Clothing,C,1700
1758,Clothing,C,1420
1759,Clothing,B,478
1760,Furniture,A,1805
1761,Electronics,C,1751
1762,Clothing,C,421
1763,Electronics,A,1751
1764,Furniture,B,832
1765,Clothing,A,1518
1766,Electronics,C,1480
1767,Furniture,B,1685
1768,Clothing,B,938
1769,Clothing,A,518
1770,Electronics,C,1601
1771,Electronics,C,1459
1772,Clothing,B,1714
1773,Clothing,C,119
1774,Furniture,B,511
1775,Furniture,B,648
1776,Clothing,B,1382
1777,Electronics,C,704
1778,Electronics,A,1822
1779,Clothing,B,456
1780,Furniture,A,300
1781,Clothing,A,1534
1782,Electronics,A,1411
1783,Clothing,A,1171
1784,Clothing,A,864
1785,Furniture,B,1681
1786,Electronics,C,1493
1787,Electronics,A,330
1788,Clothing,C,1218
1789,Electronics,C,402
1790,Electronics,B,1341
1791,Electronics,A,1675
1792,Electronics,C,486
1793,Furniture,C,814
1794,Furniture,A,1751
1795,Furniture,B,1024
1796,Furniture,B,1214
1797,Furniture,A,157
1798,Electronics,C,533
1799,Clothing,B,621
1800,Clothing,B,867
1801,Furniture,C,928
1802,Electronics,C,1884
1803,Furniture,C,582
1804,Clothing,C,466
1805,Electronics,A,988
1806,Electronics,C,1952
1807,Electronics,B,1530
1808,Clothing,C,1641
1809,Clothing,C,1454
1810,Furniture,A,1823
1811,Furniture,A,1358
1812,Clothing,C,982
1813,Furniture,A,510
1814,Clothing,A,282
1815,Electronics,A,1410
1816,Furniture,A,1246
1817,Clothing,C,257
1818,Clothing,A,1446
1819,Clothing,A,112
1820,Furniture,B,1950
1821,Furniture,C,665
1822,Electronics,A,971
1823,Furniture,B,1912
1824,Furniture,A,654
1825,Furniture,C,1902
1826,Electronics,B,1744
1827,Electronics,B,1958
1828,Electronics,C,777
1829,Furniture,B,962
1830,Clothing,B,717
1831,Furniture,A,1686
1832,Electronics,B,303
1833,Furniture,C,1056
1834,Furniture,A,401
1835,Clothing,B,1166
1836,Clothing,A,894
1837,Furniture,C,696
1838,Electronics,B,828
1839,Furniture,C,1793
1840,Furniture,C,1985
1841,Furniture,B,605
1842,Electronics,B,738
1843,Electronics,A,290
1844,Electronics,C,1901
1845,Electronics,B,998
1846,Electronics,C,159
1847,Furniture,B,1918
1848,Electronics,C,1589
1849,Furniture,A,1502
1850,Furniture,C,1552
1851,Furniture,B,161
1852,Clothing,A,401
1853,Electronics,A,737
1854,Electronics,B,1098
1855,Furniture,A,271
1856,Clothing,C,1628
1857,Electronics,C,162
1858,Furniture,B,871
1859,Clothing,C,115
1860,Furniture,B,790
1861,Clothing,A,941
1862,Furniture,C,1224
1863,Electronics,B,1299
1864,Furniture,C,1316
1865,Furniture,A,1936
1866,Clothing,A,998
1867,Clothing,C,1396
1868,Electronics,A,1590
1869,Furniture,B,1032
1870,Clothing,C,1896
1871,Electronics,C,274
1872,Electronics,A,1357
1873,Clothing,B,1935
1874,Clothing,C,1339
1875,Furniture,C,1614
1876,Electronics,A,516
1877,Clothing,A,1882
1878,Electronics,B,1656
1879,Furniture,B,550
1880,Clothing,A,935
1881,Electronics,B,1878
1882,Clothing,A,1923
1883,Furniture,C,379
1884,Furniture,A,343
1885,Furniture,A,774
1886,Furniture,A,245
1887,Clothing,C,1190
1888,Clothing,B,202
1889,Electronics,B,409
1890,Electronics,B,1760
1891,Clothing,A,216
1892,Clothing,A,1595
1893,Electronics,B,862
1894,Clothing,C,1444
1895,Furniture,C,1558
1896,Furniture,C,1493
1897,Furniture,C,837
1898,Electronics,A,1823
1899,Clothing,B,286
1900,Electronics,C,1711
1901,Electronics,A,884
1902,Clothing,A,1592
1903,Electronics,A,1784
1904,Furniture,B,806
1905,Clothing,A,975
1906,Furniture,B,895
1907,Furniture,B,572
1908,Clothing,B,655
1909,Furniture,B,1577
1910,Furniture,A,1569
1911,Furniture,A,781
1912,Clothing,A,193
1913,Clothing,C,835
1914,Clothing,C,889
1915,Electronics,B,137
1916,Furniture,B,881
1917,Electronics,B,581
1918,Electronics,B,1870
1919,Furniture,B,210
1920,Clothing,C,509
1921,Electronics,B,1291
1922,Clothing,A,1689
1923,Clothing,B,496
1924,Furniture,A,1250
1925,Electronics,A,1910
1926,Electronics,A,141
1927,Clothing,A,140
1928,Furniture,B,1685
1929,Electronics,B,1610
1930,Clothing,B,1794
1931,Clothing,B,1967
1932,Clothing,B,498
1933,Furniture,C,281
1934,Furniture,A,1304
1935,Clothing,A,1801
1936,Clothing,C,843
1937,Furniture,C,817
1938,Clothing,B,1990
1939,Clothing,B,563
1940,Furniture,A,1173
1941,Clothing,B,1531
1942,Clothing,A,1524
1943,Clothing,B,1269
1944,Furniture,B,397
1945,Furniture,A,244
1946,Furniture,C,115
1947,Electronics,C,1208
1948,Electronics,B,1339
1949,Electronics,C,1605
1950,Electronics,B,1175
1951,Furniture,C,1671
1952,Clothing,C,206
1953,Furniture,A,318
1954,Electronics,C,1034
1955,Furniture,B,436
1956,Clothing,A,1020
1957,Electronics,C,470
1958,Clothing,A,1097
1959,Clothing,C,909
1960,Clothing,B,353
1961,Electronics,B,1528
1962,Furniture,A,679
1963,Electronics,C,1822
1964,Electronics,C,735
1965,Furniture,A,1153
1966,Furniture,A,284
1967,Furniture,B,1412
1968,Furniture,A,1482
1969,Clothing,C,573
1970,Electronics,A,1084
1971,Electronics,B,1688
1972,Electronics,A,1523
1973,Furniture,C,1812
1974,Electronics,A,1083
1975,Clothing,A,1256
1976,Electronics,A,601
1977,Electronics,B,1626
1978,Clothing,B,973
1979,Clothing,B,1200
1980,Electronics,B,449
1981,Furniture,C,159
1982,Furniture,C,1578
1983,Electronics,B,978
1984,Electronics,B,564
1985,Electronics,B,410
1986,Electronics,A,1214
1987,Furniture,C,1030
1988,Electronics,A,1064
1989,Clothing,B,1421
1990,Furniture,C,1448
1991,Furniture,B,379
1992,Clothing,A,810
1993,Electronics,C,1066
1994,Electronics,A,1241
1995,Electronics,C,794
1996,Electronics,B,1009
1997,Electronics,C,666
1998,Clothing,A,370
1999,Electronics,A,1640
2000,Clothing,A,1224
